t,timestamp,y_true,y_pred,set,error,abs_error
6,6,17884.214285714286,18533.743655553488,train,649.5293698392015,649.5293698392015
7,7,17181.178571428572,17755.476502171932,train,574.2979307433598,574.2979307433598
8,8,18571.654761904763,17108.27957757481,train,-1463.3751843299542,1463.3751843299542
9,9,16947.77380952381,17575.615927110837,train,627.842117587028,627.842117587028
10,10,17119.01785714286,17674.126506142064,train,555.1086489992049,555.1086489992049
11,11,16903.589285714286,16977.91064934784,train,74.32136363355312,74.32136363355312
12,12,16231.05357142857,15658.303531015721,train,-572.7500404128496,572.7500404128496
13,13,15650.184523809525,16702.137038613735,train,1051.9525148042103,1051.9525148042103
14,14,14998.14880952381,15451.411906417934,train,453.2630968941248,453.2630968941248
15,15,14631.67857142857,15568.87514523424,train,937.1965738056697,937.1965738056697
16,16,14721.547619047618,15129.845855434594,train,408.298236386976,408.298236386976
17,17,14650.035714285714,14605.308777621804,train,-44.72693666391024,44.72693666391024
18,18,14118.464285714286,14406.421669412033,train,287.957383697747,287.957383697747
19,19,13945.797619047618,15136.166586069672,train,1190.3689670220538,1190.3689670220538
20,20,14567.744047619048,14974.524019249086,train,406.77997163003783,406.77997163003783
21,21,14866.232142857143,14782.461000072914,train,-83.7711427842296,83.7711427842296
22,22,14848.15476190476,14666.715112630944,train,-181.43964927381603,181.43964927381603
23,23,15297.089285714286,14910.07528919849,train,-387.01399651579595,387.01399651579595
24,24,15579.142857142857,15363.4901467654,train,-215.65271037745697,215.65271037745697
25,25,17095.10714285714,15551.473646304326,train,-1543.633496552815,1543.633496552815
26,26,15861.309523809525,15513.57516353583,train,-347.7343602736946,347.7343602736946
27,27,15614.630952380952,16622.181154178204,train,1007.5502017972522,1007.5502017972522
28,28,15733.172619047618,16144.743260576035,train,411.5706415284167,411.5706415284167
29,29,15590.22023809524,16170.261048107808,train,580.0408100125678,580.0408100125678
30,30,15486.357142857143,15747.034475291835,train,260.6773324346923,260.6773324346923
31,31,16115.035714285714,15714.494514671771,train,-400.5411996139428,400.5411996139428
32,32,14801.494047619048,15807.138241218754,train,1005.6441935997063,1005.6441935997063
33,33,16488.92261904762,16665.068335538603,train,176.14571649098434,176.14571649098434
34,34,16016.27976190476,15658.285545384666,train,-357.9942165200937,357.9942165200937
35,35,15975.333333333334,15857.708264457273,train,-117.62506887606105,117.62506887606105
36,36,14672.59523809524,15299.50350393441,train,626.908265839169,626.908265839169
37,37,14335.988095238095,15602.374814333256,train,1266.3867190951605,1266.3867190951605
38,38,14782.434523809525,16225.478924040393,train,1443.0444002308686,1443.0444002308686
39,39,14441.630952380952,14900.9191749645,train,459.2882225835474,459.2882225835474
40,40,14177.910714285714,14519.467919959274,train,341.55720567356,341.55720567356
41,41,14710.011904761905,14383.307495833915,train,-326.7044089279898,326.7044089279898
42,42,14503.017857142857,14471.295545931493,train,-31.722311211364286,31.722311211364286
43,43,15038.535714285714,14576.381125764303,train,-462.1545885214109,462.1545885214109
44,44,15250.607142857143,14201.980427890994,train,-1048.626714966149,1048.626714966149
45,45,16281.32142857143,15364.085425877714,train,-917.2360026937149,917.2360026937149
46,46,16581.886904761905,16102.569246315643,train,-479.3176584462617,479.3176584462617
47,47,16758.345238095237,16324.493822072856,train,-433.85141602238036,433.85141602238036
48,48,16901.60119047619,15822.107496531562,train,-1079.4936939446288,1079.4936939446288
49,49,16858.20238095238,16394.722782712994,train,-463.479598239388,463.479598239388
50,50,16689.39285714286,16282.60854323941,train,-406.7843139034485,406.7843139034485
51,51,14674.410714285714,16016.96077893299,train,1342.5500646472756,1342.5500646472756
52,52,16624.178571428572,15932.205461378882,train,-691.9731100496901,691.9731100496901
53,53,18208.55357142857,15240.988986636512,train,-2967.564584792057,2967.564584792057
54,54,17797.22619047619,15847.777212303488,train,-1949.4489781727025,1949.4489781727025
55,55,17539.720238095237,17774.102347454595,train,234.38210935935786,234.38210935935786
56,56,18022.08333333333,16837.153434949745,train,-1184.9298983835833,1184.9298983835833
57,57,17962.619047619046,16776.641581766627,train,-1185.9774658524184,1185.9774658524184
58,58,18350.52380952381,17083.16786103545,train,-1267.355948488359,1267.355948488359
59,59,18667.761904761905,17567.62630956135,train,-1100.1355952005542,1100.1355952005542
60,60,17949.136904761905,17294.377910867068,train,-654.7589938948367,654.7589938948367
61,61,16834.678571428572,17795.866187736145,train,961.1876163075722,961.1876163075722
62,62,15537.083333333334,17391.6666772775,train,1854.5833439441649,1854.5833439441649
63,63,15953.142857142857,15753.90386955384,train,-199.2389875890167,199.2389875890167
64,64,15888.827380952382,14675.017251252224,train,-1213.8101297001576,1213.8101297001576
65,65,14783.863095238095,14600.18683377112,train,-183.67626146697512,183.67626146697512
66,66,14829.267857142857,14836.27990130455,train,7.0120441616927565,7.0120441616927565
67,67,13899.761904761905,14499.428580738684,train,599.6666759767795,599.6666759767795
68,68,14397.934523809525,15536.935313406944,train,1139.0007895974195,1139.0007895974195
69,69,13670.10119047619,15318.165643599807,train,1648.0644531236157,1648.0644531236157
70,70,14515.589285714286,14800.440005729184,train,284.8507200148979,284.8507200148979
71,71,13723.339285714286,14321.402426652878,train,598.0631409385915,598.0631409385915
72,72,14208.375,14836.760347858357,train,628.3853478583569,628.3853478583569
73,73,14764.035714285714,13782.472670567726,train,-981.563043717988,981.563043717988
74,74,14368.375,15738.371086998248,train,1369.9960869982478,1369.9960869982478
75,75,15059.80357142857,14761.205510692469,train,-298.5980607361016,298.5980607361016
76,76,15166.565476190475,15187.723098264561,train,21.157622074086248,21.157622074086248
77,77,14567.80357142857,15416.601174666228,train,848.7976032376573,848.7976032376573
78,78,14816.190476190475,15542.326219358274,train,726.1357431677989,726.1357431677989
79,79,16002.69642857143,15298.604495853318,train,-704.0919327181109,704.0919327181109
80,80,16244.27380952381,14997.174058302442,train,-1247.0997512213671,1247.0997512213671
81,81,17032.470238095237,16112.707726422683,train,-919.762511672554,919.762511672554
82,82,16642.684523809523,16304.274211562975,train,-338.4103122465476,338.4103122465476
83,83,15276.761904761905,15717.846574978897,train,441.0846702169929,441.0846702169929
84,84,17055.785714285714,16572.239055293812,train,-483.5466589919015,483.5466589919015
85,85,16002.32142857143,14756.967779021432,train,-1245.3536495499975,1245.3536495499975
86,86,15797.541666666666,16482.281584919914,train,684.7399182532481,684.7399182532481
87,87,18061.529761904763,15726.01819539146,train,-2335.5115665133035,2335.5115665133035
88,88,14997.267857142857,14704.744563731134,train,-292.523293411723,292.523293411723
89,89,15197.690476190475,16741.772376740922,train,1544.0819005504472,1544.0819005504472
90,90,14727.541666666666,15148.245282710248,train,420.70361604358186,420.70361604358186
91,91,14200.041666666666,15473.94579380803,train,1273.9041271413644,1273.9041271413644
92,92,13803.452380952382,14982.958897342498,train,1179.5065163901163,1179.5065163901163
93,93,14542.714285714286,14076.570673278948,train,-466.1436124353386,466.1436124353386
94,94,14586.89880952381,14552.385108846203,train,-34.51370067760581,34.51370067760581
95,95,14650.589285714286,14652.599540375015,train,2.010254660728606,2.010254660728606
96,96,14397.630952380952,15468.16964797289,train,1070.5386955919384,1070.5386955919384
97,97,14658.0,15230.372178242696,train,572.3721782426965,572.3721782426965
98,98,15150.416666666666,14714.302315798941,train,-436.1143508677251,436.1143508677251
99,99,15600.297619047618,15028.912413881328,train,-571.3852051662907,571.3852051662907
100,100,15643.059523809525,15317.388004821278,train,-325.67151898824704,325.67151898824704
101,101,15175.547619047618,14928.022662130028,train,-247.52495691759032,247.52495691759032
102,102,15758.107142857143,15299.183172876617,train,-458.9239699805257,458.9239699805257
103,103,14198.809523809525,15739.522601435816,train,1540.7130776262911,1540.7130776262911
104,104,15748.410714285714,15821.771837859684,train,73.36112357396996,73.36112357396996
105,105,16568.60119047619,15057.807176341263,train,-1510.7940141349281,1510.7940141349281
106,106,17285.494047619046,15748.573737331872,train,-1536.9203102871743,1536.9203102871743
107,107,16904.261904761905,15895.696799228504,train,-1008.5651055334001,1008.5651055334001
108,108,16135.369047619048,16472.500097294822,train,337.1310496757742,337.1310496757742
109,109,16022.994047619048,16728.715933803713,train,705.721886184665,705.721886184665
110,110,17610.791666666668,15542.633688681162,train,-2068.1579779855056,2068.1579779855056
111,111,16246.767857142857,16133.791214522205,train,-112.97664262065155,112.97664262065155
112,112,16333.535714285714,16998.06184425472,train,664.5261299690064,664.5261299690064
113,113,16097.482142857143,15879.351898791578,train,-218.13024406556542,218.13024406556542
114,114,14768.458333333334,15275.04148386882,train,506.5831505354854,506.5831505354854
115,115,14894.09523809524,15555.798152598485,train,661.7029145032448,661.7029145032448
116,116,14773.47619047619,14807.268401812806,train,33.792211336614855,33.792211336614855
117,117,14963.32142857143,15126.678192564505,train,163.35676399307522,163.35676399307522
118,118,15423.107142857143,15017.269641809811,train,-405.8375010473319,405.8375010473319
119,119,13958.559523809525,14371.921742777657,train,413.36221896813186,413.36221896813186
120,120,13904.202380952382,15614.780910243673,train,1710.5785292912915,1710.5785292912915
121,121,13909.880952380952,15205.26183749412,train,1295.380885113167,1295.380885113167
122,122,13359.65476190476,14992.973953490677,train,1633.319191585917,1633.319191585917
123,123,13567.547619047618,14406.902519438081,train,839.3549003904627,839.3549003904627
124,124,13233.910714285714,14362.652352296967,train,1128.7416380112536,1128.7416380112536
125,125,16215.339285714286,14879.437354692602,train,-1335.9019310216845,1335.9019310216845
126,126,14925.916666666666,14306.171632022239,train,-619.7450346444275,619.7450346444275
127,127,14032.458333333334,16001.548899048223,train,1969.0905657148887,1969.0905657148887
128,128,16210.434523809525,16490.267085025174,train,279.83256121564955,279.83256121564955
129,129,16414.54761904762,14879.284886792857,train,-1535.2627322547614,1535.2627322547614
130,130,15113.017857142857,15676.806146152081,train,563.7882890092242,563.7882890092242
131,131,17181.946428571428,16546.335844569538,train,-635.61058400189,635.61058400189
132,132,16682.696428571428,15772.611822445442,train,-910.0846061259854,910.0846061259854
133,133,17858.678571428572,17307.543217612514,train,-551.1353538160583,551.1353538160583
134,134,16887.916666666668,16658.314637862033,train,-229.60202880463476,229.60202880463476
135,135,17760.761904761905,16625.524736152627,train,-1135.2371686092774,1135.2371686092774
136,136,18483.72619047619,16447.150598533422,train,-2036.5755919427684,2036.5755919427684
137,137,16955.22619047619,16630.120646191706,train,-325.1055442844845,325.1055442844845
138,138,17487.041666666668,17556.647860202207,train,69.6061935355392,69.6061935355392
139,139,15433.511904761905,16298.33934738729,train,864.8274426253847,864.8274426253847
140,140,16886.60119047619,16652.886579065293,train,-233.71461141089821,233.71461141089821
141,141,15320.535714285714,15362.895995959745,train,42.360281674031285,42.360281674031285
142,142,14633.458333333334,15768.58722007823,train,1135.1288867448966,1135.1288867448966
143,143,14150.15476190476,14934.103205977433,train,783.9484440726737,783.9484440726737
144,144,13734.541666666666,14335.03048006316,train,600.4888133964942,600.4888133964942
145,145,14138.130952380952,15005.365503733168,train,867.2345513522159,867.2345513522159
146,146,14115.952380952382,13934.262330052501,train,-181.6900508998806,181.6900508998806
147,147,14752.452380952382,15193.861696499818,train,441.40931554743656,441.40931554743656
148,148,14269.559523809525,14192.221350395885,train,-77.3381734136401,77.3381734136401
149,149,14345.511904761905,15072.013659656131,train,726.5017548942269,726.5017548942269
150,150,15153.208333333334,15388.117384844165,train,234.90905151083098,234.90905151083098
151,151,15578.255952380952,15374.134459007815,train,-204.12149337313713,204.12149337313713
152,152,15455.35119047619,14756.9179845014,train,-698.4332059747903,698.4332059747903
153,153,16457.678571428572,16026.053612670064,train,-431.624958758508,431.624958758508
154,154,17456.696428571428,15364.89489048819,train,-2091.8015380832367,2091.8015380832367
155,155,15238.160714285714,16008.04606709984,train,769.8853528141262,769.8853528141262
156,156,15146.35119047619,16762.339755567824,train,1615.988565091633,1615.988565091633
157,157,17096.958333333332,15141.713190044176,train,-1955.2451432891557,1955.2451432891557
158,158,16439.803571428572,16095.052272100744,train,-344.75129932782875,344.75129932782875
159,159,15848.32142857143,16269.44633994275,train,421.1249113713202,421.1249113713202
160,160,16267.714285714286,16311.405541720023,train,43.69125600573716,43.69125600573716
161,161,16636.809523809523,15311.40570503674,train,-1325.4038187727838,1325.4038187727838
162,162,16483.761904761905,16101.780422666196,train,-381.981482095709,381.981482095709
163,163,15125.35119047619,15917.523782597475,train,792.1725921212837,792.1725921212837
164,164,14894.333333333334,15523.254809351687,train,628.9214760183531,628.9214760183531
165,165,15762.72619047619,15058.993394024626,train,-703.7327964515644,703.7327964515644
166,166,16090.607142857143,14662.502399852438,train,-1428.1047430047056,1428.1047430047056
167,167,15455.886904761905,15058.955599415076,train,-396.9313053468286,396.9313053468286
168,168,15154.267857142857,15313.945846207132,train,159.6779890642756,159.6779890642756
169,169,14523.291666666666,15528.531535362781,train,1005.2398686961151,1005.2398686961151
170,170,13941.940476190475,15299.860505900453,train,1357.9200297099778,1357.9200297099778
171,171,13190.761904761905,14870.024765818667,train,1679.2628610567626,1679.2628610567626
172,172,13694.92857142857,14708.364797286526,train,1013.4362258579549,1013.4362258579549
173,173,13486.922619047618,14479.383348207188,train,992.4607291595694,992.4607291595694
174,174,13865.27976190476,14044.716791405019,train,179.4370295002591,179.4370295002591
175,175,13417.90476190476,14082.141066546954,train,664.2363046421942,664.2363046421942
176,176,13359.083333333334,14885.83477802353,train,1526.7514446901969,1526.7514446901969
177,177,13762.77976190476,14107.515760126482,train,344.7359982217222,344.7359982217222
178,178,13508.964285714286,14997.770717701487,train,1488.806431987201,1488.806431987201
179,179,15237.642857142857,14582.135754900646,train,-655.5071022422107,655.5071022422107
180,180,15636.60119047619,14377.456214534002,train,-1259.1449759421885,1259.1449759421885
181,181,14556.738095238095,14967.21252926083,train,410.4744340227353,410.4744340227353
182,182,14639.57142857143,15830.200544990197,train,1190.6291164187678,1190.6291164187678
183,183,15775.44642857143,15160.536483749413,train,-614.9099448220168,614.9099448220168
184,184,15850.52380952381,15422.880219688253,train,-427.64358983555576,427.64358983555576
185,185,15977.166666666666,14787.01023815051,train,-1190.1564285161567,1190.1564285161567
186,186,15701.982142857143,15773.785767043222,train,71.8036241860791,71.8036241860791
187,187,15112.059523809525,16044.716620461772,train,932.6570966522468,932.6570966522468
188,188,15729.184523809525,15502.01836384105,train,-227.16615996847395,227.16615996847395
189,189,15860.690476190475,15597.305113125647,train,-263.3853630648282,263.3853630648282
190,190,14155.005952380952,15333.381340769914,train,1178.3753883889622,1178.3753883889622
191,191,13551.261904761905,15367.616037057694,train,1816.35413229579,1816.35413229579
192,192,13514.005952380952,14801.514322402862,train,1287.5083700219093,1287.5083700219093
193,193,15442.684523809525,15192.892715560532,train,-249.7918082489923,249.7918082489923
194,194,17013.160714285714,14098.468313455545,train,-2914.6924008301685,2914.6924008301685
195,195,14104.982142857143,15116.472236157191,train,1011.4900933000481,1011.4900933000481
196,196,14048.505952380952,16432.35149807221,train,2383.845545691258,2383.845545691258
197,197,13943.27380952381,15866.948773721942,train,1923.6749641981332,1923.6749641981332
198,198,13512.136904761905,16567.48051248789,train,3055.3436077259867,3055.3436077259867
199,199,14197.464285714286,14002.255615203738,train,-195.20867051054847,195.20867051054847
200,200,14601.327380952382,13272.54343429636,train,-1328.7839466560217,1328.7839466560217
201,201,15505.369047619048,14478.453973885462,train,-1026.9150737335858,1026.9150737335858
202,202,15325.934523809525,14642.159017863625,train,-683.7755059458996,683.7755059458996
203,203,15329.464285714286,15986.115038300495,train,656.6507525862089,656.6507525862089
204,204,15257.482142857143,15509.053996267536,train,251.57185341039258,251.57185341039258
205,205,16470.178571428572,16303.096985374234,train,-167.0815860543389,167.0815860543389
206,206,17279.386904761905,15650.139198756808,train,-1629.247706005097,1629.247706005097
207,207,16090.035714285714,15810.070602657594,train,-279.9651116281202,279.9651116281202
208,208,17392.988095238095,16808.467204203207,train,-584.5208910348883,584.5208910348883
209,209,17959.446428571428,15760.4297340903,train,-2199.016694481128,2199.016694481128
210,210,17128.48214285714,16624.7275559271,train,-503.7545869300411,503.7545869300411
211,211,16510.20238095238,16771.542033426984,train,261.3396524746022,261.3396524746022
212,212,16509.886904761905,16127.197891371688,train,-382.68901339021613,382.68901339021613
213,213,17110.833333333332,15410.03227633642,train,-1700.801056996912,1700.801056996912
214,214,17279.345238095237,16005.735352910615,train,-1273.6098851846218,1273.6098851846218
215,215,15629.988095238095,16078.287177077575,train,448.2990818394792,448.2990818394792
216,216,15530.625,16333.175545008296,train,802.5505450082965,802.5505450082965
217,217,15341.64880952381,15315.651977141899,train,-25.99683238191028,25.99683238191028
218,218,15733.892857142857,15391.814799787056,train,-342.0780573558004,342.0780573558004
219,219,15396.577380952382,14912.80527968091,train,-483.7721012714719,483.7721012714719
220,220,15092.047619047618,14910.076593901891,train,-181.97102514572725,181.97102514572725
221,221,14605.315476190475,15693.085558304056,train,1087.7700821135804,1087.7700821135804
222,222,15310.458333333334,14946.436042577972,train,-364.0222907553616,364.0222907553616
223,223,15419.458333333334,14861.288131349702,train,-558.1702019836321,558.1702019836321
224,224,14159.97619047619,15047.94905577301,train,887.9728652968188,887.9728652968188
225,225,13659.97619047619,14872.470010371953,train,1212.4938198957625,1212.4938198957625
226,226,13324.0,14636.38571259383,train,1312.3857125938302,1312.3857125938302
227,227,13478.315476190475,15140.683691592587,train,1662.3682154021117,1662.3682154021117
228,228,13151.15476190476,14043.852620840556,train,892.6978589357968,892.6978589357968
229,229,15289.577380952382,14176.827139874078,train,-1112.7502410783036,1112.7502410783036
230,230,15184.607142857143,14553.242898962364,train,-631.3642438947791,631.3642438947791
231,231,14103.267857142857,15339.990020513591,train,1236.722163370734,1236.722163370734
232,232,16058.82142857143,14956.551370259103,train,-1102.270058312326,1102.270058312326
233,233,14705.833333333334,14624.883640680639,train,-80.94969265269538,80.94969265269538
234,234,17690.714285714286,15763.570002784501,train,-1927.1442829297848,1927.1442829297848
235,235,17140.095238095237,16079.579825759347,train,-1060.5154123358898,1060.5154123358898
236,236,17586.5,17034.373211224232,train,-552.1267887757676,552.1267887757676
237,237,16649.416666666668,16868.980557885938,train,219.56389121926986,219.56389121926986
238,238,16281.57142857143,16311.467660742466,train,29.8962321710369,29.8962321710369
239,239,17608.154761904763,16130.320433672981,train,-1477.834328231782,1477.834328231782
240,240,17121.035714285714,15531.172943218407,train,-1589.8627710673063,1589.8627710673063
241,241,17233.964285714286,17008.95924730817,train,-225.00503840611782,225.00503840611782
242,242,16451.238095238095,16703.946332008287,train,252.70823677019143,252.70823677019143
243,243,16924.10714285714,16409.50497886808,train,-514.6021639890605,514.6021639890605
244,244,15433.27380952381,15677.043174137083,train,243.76936461327386,243.76936461327386
245,245,16750.196428571428,15434.10956006583,train,-1316.0868685055975,1316.0868685055975
246,246,14432.559523809525,15146.049579599085,train,713.4900557895598,713.4900557895598
247,247,14127.214285714286,15078.816388344414,train,951.6021026301278,951.6021026301278
248,248,13961.84523809524,15013.422640635095,train,1051.577402539855,1051.577402539855
249,249,14250.434523809525,14904.578564074984,train,654.1440402654589,654.1440402654589
250,250,14294.65476190476,14383.134225523032,train,88.47946361827235,88.47946361827235
251,251,14927.17857142857,14267.311070564498,train,-659.867500864073,659.867500864073
252,252,14819.767857142857,14623.002339368402,train,-196.76551777445457,196.76551777445457
253,253,15433.886904761905,15431.62127665847,train,-2.26562810343421,2.26562810343421
254,254,16131.547619047618,15208.381955165298,train,-923.1656638823206,923.1656638823206
255,255,16246.416666666666,15908.657754212754,train,-337.75891245391176,337.75891245391176
256,256,16168.875,15502.810273104255,train,-666.0647268957455,666.0647268957455
257,257,16702.630952380954,16207.809883409502,train,-494.8210689714524,494.8210689714524
258,258,16390.184523809523,15570.792640256039,train,-819.3918835534841,819.3918835534841
259,259,15697.172619047618,16126.248829666027,train,429.07621061840837,429.07621061840837
260,260,15032.339285714286,15761.605803605229,train,729.2665178909429,729.2665178909429
261,261,16072.160714285714,16232.191333553557,train,160.03061926784358,160.03061926784358
262,262,16965.869047619046,15062.25046822255,train,-1903.618579396496,1903.618579396496
263,263,18042.386904761905,15767.742046679774,train,-2274.6448580821307,2274.6448580821307
264,264,17558.39880952381,16301.692438794638,train,-1256.7063707291709,1256.7063707291709
265,265,17314.333333333332,16934.517887492075,train,-379.8154458412573,379.8154458412573
266,266,17082.20238095238,16565.267182220934,train,-516.9351987314476,516.9351987314476
267,267,16544.48214285714,16455.32355057813,train,-89.15859227901092,89.15859227901092
268,268,16487.321428571428,16150.354177228042,train,-336.9672513433852,336.9672513433852
269,269,17046.446428571428,16381.76537694878,train,-664.6810516226469,664.6810516226469
270,270,16354.083333333334,15650.05261040992,train,-704.0307229234131,704.0307229234131
271,271,15415.22619047619,16053.682732181443,train,638.4565417052527,638.4565417052527
272,272,15092.69642857143,15629.141402874013,train,536.4449743025834,536.4449743025834
273,273,14961.375,15202.650033399035,train,241.27503339903524,241.27503339903524
274,274,14594.732142857143,14843.784036917768,train,249.05189406062527,249.05189406062527
275,275,14515.84523809524,14888.116319241595,train,372.27108114635485,372.27108114635485
276,276,13556.744047619048,13842.543847545052,train,285.7997999260042,285.7997999260042
277,277,14089.005952380952,14784.749996796803,train,695.744044415851,695.744044415851
278,278,13983.077380952382,14647.058642641348,train,663.9812616889667,663.9812616889667
279,279,13796.59523809524,14988.384958796092,train,1191.7897207008518,1191.7897207008518
280,280,13263.857142857143,14539.91645366683,train,1276.0593108096873,1276.0593108096873
281,281,13738.97023809524,14580.563590166637,train,841.593352071397,841.593352071397
282,282,13645.34523809524,14479.03183639909,train,833.6865983038497,833.6865983038497
283,283,13928.27976190476,14516.796407995113,train,588.5166460903529,588.5166460903529
284,284,13841.541666666666,14836.687264887878,train,995.1455982212119,995.1455982212119
285,285,14729.892857142857,14242.26938007219,train,-487.6234770706669,487.6234770706669
286,286,16169.363095238095,14478.695006718788,train,-1690.6680885193073,1690.6680885193073
287,287,17251.630952380954,15198.653337069018,train,-2052.9776153119365,2052.9776153119365
288,288,16738.755952380954,16073.962424489106,train,-664.7935278918485,664.7935278918485
289,289,17735.04761904762,16325.470871117872,train,-1409.5767479297465,1409.5767479297465
290,290,17431.35714285714,16220.114702025432,train,-1211.2424408317092,1211.2424408317092
291,291,16329.113095238095,17001.290895315902,train,672.1778000778068,672.1778000778068
292,292,16142.52380952381,16659.401150979877,train,516.8773414560674,516.8773414560674
293,293,16447.678571428572,15827.989110575527,train,-619.6894608530456,619.6894608530456
294,294,15298.464285714286,15601.215533274644,train,302.751247560358,302.751247560358
295,295,14582.565476190475,15769.60612519959,train,1187.0406490091154,1187.0406490091154
296,296,14207.84523809524,15553.46613322407,train,1345.62089512883,1345.62089512883
297,297,14436.738095238095,14938.534215292948,train,501.7961200548525,501.7961200548525
298,298,14891.142857142857,14644.042840780414,train,-247.10001636244306,247.10001636244306
299,299,14102.208333333334,14138.385822990964,train,36.17748965762985,36.17748965762985
300,300,13848.482142857143,15129.452878168942,train,1280.9707353117992,1280.9707353117992
301,301,13350.22023809524,15175.569094046341,train,1825.3488559511006,1825.3488559511006
302,302,14005.77976190476,15429.7719934119,train,1423.9922315071399,1423.9922315071399
303,303,13958.089285714286,14214.349953717872,train,256.26066800358603,256.26066800358603
304,304,14637.90476190476,14819.757000558546,train,181.85223865378612,181.85223865378612
305,305,15697.619047619048,14083.75465364982,train,-1613.8643939692283,1613.8643939692283
306,306,16378.065476190475,15251.139050897222,train,-1126.9264252932535,1126.9264252932535
307,307,15436.702380952382,15194.519424483457,train,-242.1829564689251,242.1829564689251
308,308,16234.160714285714,16668.43335402715,train,434.27263974143716,434.27263974143716
309,309,16340.261904761905,15837.111027718722,train,-503.15087704318285,503.15087704318285
310,310,16917.571428571428,16908.26740041365,train,-9.304028157777793,9.304028157777793
311,311,16435.79761904762,15577.888185614931,train,-857.9094334326874,857.9094334326874
312,312,14479.922619047618,16184.122119747663,train,1704.1995007000442,1704.1995007000442
313,313,15302.982142857143,15702.439725062257,train,399.4575822051138,399.4575822051138
314,314,16580.505952380954,14859.695016856042,train,-1720.8109355249126,1720.8109355249126
315,315,17043.404761904763,15626.263589458302,train,-1417.1411724464615,1417.1411724464615
316,316,16264.67857142857,15932.019996765752,train,-332.65857466281886,332.65857466281886
317,317,16296.27380952381,16264.504784788236,train,-31.76902473557311,31.76902473557311
318,318,16671.946428571428,16126.266278694344,train,-545.6801498770837,545.6801498770837
319,319,16201.369047619048,15933.95393555497,train,-267.41511206407813,267.41511206407813
320,320,15605.732142857143,15447.8056846941,train,-157.9264581630432,157.9264581630432
321,321,16163.69642857143,15424.091806358569,train,-739.6046222128607,739.6046222128607
322,322,14978.267857142857,15207.483555369403,train,229.215698226546,229.215698226546
323,323,15061.452380952382,15605.245928205502,train,543.7935472531208,543.7935472531208
324,324,14837.60119047619,14323.455053212523,train,-514.1461372636677,514.1461372636677
325,325,13800.327380952382,14844.327148220798,train,1043.9997672684167,1043.9997672684167
326,326,12951.113095238095,14947.19622065482,train,1996.0831254167242,1996.0831254167242
327,327,12705.202380952382,14089.919852575404,train,1384.717471623022,1384.717471623022
328,328,13176.47619047619,15474.166566486861,train,2297.6903760106707,2297.6903760106707
329,329,12738.732142857143,14241.65575639244,train,1502.9236135352967,1502.9236135352967
330,330,12274.494047619048,13242.53208230367,train,968.0380346846232,968.0380346846232
331,331,12902.17857142857,14302.259356713008,train,1400.0807852844373,1400.0807852844373
332,332,12226.982142857143,14685.839515520292,train,2458.8573726631494,2458.8573726631494
333,333,13659.244047619048,13862.087417027537,train,202.8433694084888,202.8433694084888
334,334,13846.64880952381,14042.345436945812,train,195.69662742200308,195.69662742200308
335,335,14486.202380952382,14008.251822486596,train,-477.95055846578543,477.95055846578543
336,336,13691.52976190476,14290.427728735713,train,598.897966830953,598.897966830953
337,337,16564.559523809523,15205.951625397782,train,-1358.6078984117412,1358.6078984117412
338,338,15711.077380952382,14351.29176310193,train,-1359.7856178504517,1359.7856178504517
339,339,17999.565476190477,16387.678671374026,train,-1611.8868048164513,1611.8868048164513
340,340,18002.10714285714,15679.595140648038,train,-2322.5120022091032,2322.5120022091032
341,341,17439.928571428572,17717.975536675604,train,278.04696524703104,278.04696524703104
342,342,17671.136904761905,16169.319931347018,train,-1501.816973414887,1501.816973414887
343,343,16434.869047619046,17090.40390164626,train,655.5348540272134,655.5348540272134
344,344,16493.303571428572,15921.489100144398,train,-571.8144712841749,571.8144712841749
345,345,16610.89285714286,16046.306961153528,train,-564.5858959893303,564.5858959893303
346,346,16744.529761904763,15703.468321933244,train,-1041.0614399715196,1041.0614399715196
347,347,15487.636904761905,15935.583119003542,train,447.9462142416378,447.9462142416378
348,348,14362.315476190475,16069.732161488395,train,1707.4166852979197,1707.4166852979197
349,349,13851.464285714286,15338.145532710498,train,1486.6812469962115,1486.6812469962115
350,350,13340.55357142857,14795.311526375923,train,1454.7579549473521,1454.7579549473521
351,351,14297.10119047619,14081.64510952487,train,-215.45608095132047,215.45608095132047
352,352,13608.166666666666,12733.92433378453,train,-874.2423328821369,874.2423328821369
353,353,13209.142857142857,13883.15965696859,train,674.016799825733,674.016799825733
354,354,13894.797619047618,13475.71328142338,train,-419.0843376242392,419.0843376242392
355,355,14371.10119047619,14918.132541782372,train,547.031351306181,547.031351306181
356,356,14759.583333333334,14453.17936728023,train,-306.40396605310343,306.40396605310343
357,357,13655.107142857143,14502.54198326324,train,847.4348404060966,847.4348404060966
358,358,14557.791666666666,14685.746040201902,train,127.9543735352363,127.9543735352363
359,359,15259.827380952382,14524.200587743328,train,-735.6267932090541,735.6267932090541
360,360,15178.910714285714,15567.430335410236,train,388.519621124522,388.519621124522
361,361,15788.422619047618,15164.698948723242,train,-623.7236703243761,623.7236703243761
362,362,16001.97023809524,15763.012206642074,train,-238.95803145316677,238.95803145316677
363,363,16601.684523809523,15574.509453180735,train,-1027.1750706287876,1027.1750706287876
364,364,15264.19642857143,15803.264334122929,train,539.0679055514993,539.0679055514993
365,365,15550.75,16494.41195802065,train,943.6619580206498,943.6619580206498
366,366,16338.041666666666,15305.747704800327,train,-1032.2939618663386,1032.2939618663386
367,367,15920.55357142857,14928.065822381328,train,-992.4877490472427,992.4877490472427
368,368,16566.755952380954,15623.775071792008,train,-942.9808805889461,942.9808805889461
369,369,16987.869047619046,15268.143605254756,train,-1719.7254423642898,1719.7254423642898
370,370,16835.988095238095,16123.096844680704,train,-712.8912505573917,712.8912505573917
371,371,17281.29761904762,15745.812210135271,train,-1535.4854089123473,1535.4854089123473
372,372,16747.886904761905,16397.7362588904,train,-350.1506458715048,350.1506458715048
373,373,15829.77380952381,17025.88512190045,train,1196.1113123766409,1196.1113123766409
374,374,15817.005952380952,16190.224448445872,train,373.21849606491924,373.21849606491924
375,375,14924.083333333334,14737.55463869954,train,-186.52869463379466,186.52869463379466
376,376,14419.708333333334,14874.735395917964,train,455.0270625846297,455.0270625846297
377,377,14133.97619047619,14886.950678673116,train,752.9744881969254,752.9744881969254
378,378,13801.809523809525,14395.7919568839,train,593.9824330743759,593.9824330743759
379,379,13185.880952380952,14201.055751848522,train,1015.1747994675698,1015.1747994675698
380,380,13665.285714285714,14128.332783485803,train,463.047069200089,463.047069200089
381,381,13711.309523809525,14367.529127845943,train,656.2196040364179,656.2196040364179
382,382,13508.214285714286,14759.092121886191,train,1250.877836171905,1250.877836171905
383,383,13320.17857142857,14295.300959361773,train,975.1223879332028,975.1223879332028
384,384,13014.827380952382,15115.81965996729,train,2100.9922790149085,2100.9922790149085
385,385,14694.767857142857,14528.51772666968,train,-166.2501304731777,166.2501304731777
386,386,13428.339285714286,14585.239932053793,train,1156.9006463395071,1156.9006463395071
387,387,16028.57142857143,14788.156685987322,train,-1240.4147425841074,1240.4147425841074
388,388,15539.488095238095,14163.979534686549,train,-1375.508560551547,1375.508560551547
389,389,14562.464285714286,15849.368046056015,train,1286.9037603417291,1286.9037603417291
390,390,16384.541666666668,15994.837603405382,train,-389.70406326128614,389.70406326128614
391,391,15788.482142857143,15608.999950568075,train,-179.48219228906783,179.48219228906783
392,392,15060.32142857143,16296.464070012304,train,1236.1426414408743,1236.1426414408743
393,393,16588.630952380954,15872.84709353981,train,-715.7838588411432,715.7838588411432
394,394,15840.232142857143,16024.7152310509,train,184.48308819375598,184.48308819375598
395,395,14469.339285714286,16643.05286916989,train,2173.713583455603,2173.713583455603
396,396,17316.815476190477,14995.750495942226,train,-2321.0649802482512,2321.0649802482512
397,397,16853.666666666668,15377.419663682478,train,-1476.2470029841897,1476.2470029841897
398,398,18442.154761904763,16633.802841572437,train,-1808.3519203323267,1808.3519203323267
399,399,17959.47619047619,17105.814882185237,train,-853.6613082909535,853.6613082909535
400,400,14590.166666666666,17439.333177817738,train,2849.166511151072,2849.166511151072
401,401,14779.130952380952,16667.290338339506,train,1888.1593859585537,1888.1593859585537
402,402,14759.02380952381,14880.465530541607,train,121.44172101779805,121.44172101779805
403,403,13700.44642857143,15157.007554813212,train,1456.5611262417824,1456.5611262417824
404,404,14096.875,14075.6309236771,train,-21.244076322900582,21.244076322900582
405,405,14174.464285714286,13996.488635643618,train,-177.97565007066805,177.97565007066805
406,406,14099.416666666666,14939.95724517925,train,840.540578512584,840.540578512584
407,407,14187.357142857143,14083.670024474819,train,-103.68711838232412,103.68711838232412
408,408,14273.684523809525,14853.027464229048,train,579.3429404195231,579.3429404195231
409,409,14605.75,15081.806426716712,train,476.05642671671194,476.05642671671194
410,410,14916.315476190475,15073.673264052803,train,157.3577878623273,157.3577878623273
411,411,15275.35119047619,14381.678174328505,train,-893.6730161476862,893.6730161476862
412,412,16195.34523809524,14997.410936161896,train,-1197.9343019333446,1197.9343019333446
413,413,16342.988095238095,15898.052261349234,train,-444.93583388886145,444.93583388886145
414,414,16132.333333333334,15654.949217766703,train,-477.3841155666305,477.3841155666305
415,415,16140.863095238095,15484.218428739176,train,-656.6446664989198,656.6446664989198
416,416,15697.041666666666,15894.752240625678,train,197.71057395901153,197.71057395901153
417,417,15867.541666666666,15868.913156124348,train,1.3714894576824008,1.3714894576824008
418,418,17382.970238095237,15462.833493779566,train,-1920.1367443156705,1920.1367443156705
419,419,17577.595238095237,15516.49171708752,train,-2061.103521007717,2061.103521007717
420,420,18132.184523809523,16941.943480626112,train,-1190.2410431834105,1190.2410431834105
421,421,17994.005952380954,17045.120074651026,train,-948.8858777299283,948.8858777299283
422,422,17472.17261904762,17144.8326653864,train,-327.3399536612196,327.3399536612196
423,423,17171.065476190477,16095.101175229183,train,-1075.9643009612937,1075.9643009612937
424,424,16604.041666666668,17483.240943477707,train,879.1992768110395,879.1992768110395
425,425,17158.27380952381,16148.960932745062,train,-1009.3128767787475,1009.3128767787475
426,426,16273.07142857143,15500.372470401719,train,-772.6989581697107,772.6989581697107
427,427,16316.702380952382,16170.081166694612,train,-146.62121425776968,146.62121425776968
428,428,14939.940476190475,16109.815188216082,train,1169.8747120256066,1169.8747120256066
429,429,15782.0,15689.434597443651,train,-92.565402556349,92.565402556349
430,430,15263.511904761905,14867.580634918682,train,-395.93126984322225,395.93126984322225
431,431,14325.184523809525,14873.86435200807,train,548.6798281985448,548.6798281985448
432,432,13948.238095238095,15081.270288538584,train,1133.0321933004889,1133.0321933004889
433,433,14093.940476190475,14583.351290387269,train,489.4108141967936,489.4108141967936
434,434,14039.392857142857,15241.705708243406,train,1202.3128511005489,1202.3128511005489
435,435,13304.44642857143,14102.900120738328,train,798.4536921668987,798.4536921668987
436,436,14570.869047619048,14326.205040855037,train,-244.664006764011,244.664006764011
437,437,13429.458333333334,14653.974539791334,train,1224.516206458,1224.516206458
438,438,15016.660714285714,15192.566882925454,train,175.90616863973992,175.90616863973992
439,439,14260.547619047618,14571.22395273235,train,310.6763336847325,310.6763336847325
440,440,14269.291666666666,15168.019333870094,train,898.7276672034277,898.7276672034277
441,441,15337.97619047619,14711.560216174421,train,-626.4159743017699,626.4159743017699
442,442,16730.791666666668,14968.89045054739,train,-1761.9012161192786,1761.9012161192786
443,443,15437.5,15174.276562197834,train,-263.2234378021658,263.2234378021658
444,444,15967.494047619048,15486.726292678455,train,-480.76775494059257,480.76775494059257
445,445,16932.095238095237,15684.214285663886,train,-1247.880952431351,1247.880952431351
446,446,17795.714285714286,16197.325955409848,train,-1598.3883303044386,1598.3883303044386
447,447,16620.160714285714,16114.056443325708,train,-506.10427096000603,506.10427096000603
448,448,18096.64285714286,16749.18099186164,train,-1347.461865281217,1347.461865281217
449,449,15986.660714285714,15732.252322047307,train,-254.40839223840703,254.40839223840703
450,450,17095.470238095237,17095.699796891236,train,0.2295587959997647,0.2295587959997647
451,451,16853.089285714286,16041.544849548369,train,-811.5444361659174,811.5444361659174
452,452,15539.452380952382,16182.048658797345,train,642.596277844963,642.596277844963
453,453,15990.92857142857,16240.881736821066,train,249.95316539249507,249.95316539249507
454,454,15064.94642857143,14622.188427629584,train,-442.75800094184524,442.75800094184524
455,455,14025.636904761905,15774.280844502073,train,1748.6439397401682,1748.6439397401682
456,456,13814.708333333334,14517.114532520733,train,702.4061991873987,702.4061991873987
457,457,13797.630952380952,14893.618853670518,train,1095.9879012895653,1095.9879012895653
458,458,14106.52976190476,14869.576405884753,train,763.046643979993,763.046643979993
459,459,13957.577380952382,14167.215803373858,train,209.6384224214762,209.6384224214762
460,460,14267.94642857143,15078.64262918466,train,810.6962006132308,810.6962006132308
461,461,14058.142857142857,14299.004779409726,train,240.86192226686944,240.86192226686944
462,462,15045.84523809524,14682.573018336074,train,-363.27221975916655,363.27221975916655
463,463,16460.02380952381,14649.240382049826,train,-1810.7834274739835,1810.7834274739835
464,464,15735.65476190476,15476.37735998288,train,-259.2774019218796,259.2774019218796
465,465,16207.952380952382,15617.085405698897,train,-590.8669752534843,590.8669752534843
466,466,16873.970238095237,15776.030321253553,train,-1097.939916841684,1097.939916841684
467,467,17054.244047619046,16627.512040600093,train,-426.7320070189526,426.7320070189526
468,468,16815.07738095238,16843.45075071991,train,28.373369767527038,28.373369767527038
469,469,15213.190476190475,16313.381445542802,train,1100.1909693523266,1100.1909693523266
470,470,16699.79761904762,16027.188200508139,train,-672.6094185394795,672.6094185394795
471,471,17142.0,14863.995840071755,train,-2278.004159928245,2278.004159928245
472,472,16834.821428571428,16027.570435714933,train,-807.2509928564941,807.2509928564941
473,473,17271.553571428572,16638.474948445033,train,-633.0786229835394,633.0786229835394
474,474,17628.285714285714,16111.537599253405,train,-1516.7481150323092,1516.7481150323092
475,475,15951.10119047619,16415.332382446883,train,464.2311919706917,464.2311919706917
476,476,15994.0,16362.034951887868,train,368.0349518878684,368.0349518878684
477,477,17243.10119047619,15714.970606746043,train,-1528.130583730148,1528.130583730148
478,478,16064.172619047618,15285.1753251353,train,-778.9972939123181,778.9972939123181
479,479,16273.767857142857,16390.066353042144,train,116.29849589928745,116.29849589928745
480,480,15693.488095238095,15396.970614555885,train,-296.5174806822106,296.5174806822106
481,481,15592.869047619048,15977.615235033883,train,384.74618741483573,384.74618741483573
482,482,15368.511904761905,15192.542226827183,train,-175.9696779347214,175.9696779347214
483,483,14155.702380952382,15431.754967808216,train,1276.0525868558343,1276.0525868558343
484,484,13955.25,15235.553957430178,train,1280.3039574301783,1280.3039574301783
485,485,14410.09523809524,14797.195987417945,train,387.10074932270436,387.10074932270436
486,486,14323.34523809524,15031.561391490928,train,708.2161533956878,708.2161533956878
487,487,13807.309523809525,14248.730520927047,train,441.42099711752235,441.42099711752235
488,488,13674.083333333334,14688.644769888342,train,1014.5614365550082,1014.5614365550082
489,489,13412.869047619048,14955.324407132304,train,1542.4553595132566,1542.4553595132566
490,490,14141.5,14966.859953900967,test,825.3599539009665,825.3599539009665
491,491,15970.732142857143,14146.398153948867,test,-1824.3339889082763,1824.3339889082763
492,492,14307.309523809525,14490.57737381418,test,183.26785000465497,183.26785000465497
493,493,14805.077380952382,15211.278751032947,test,406.20137008056554,406.20137008056554
494,494,16694.779761904763,15379.66860400333,test,-1315.1111579014341,1315.1111579014341
495,495,16337.69642857143,14995.450966991135,test,-1342.2454615802944,1342.2454615802944
496,496,17292.67261904762,15935.052586709153,test,-1357.6200323384655,1357.6200323384655
497,497,16314.327380952382,16082.9046474639,test,-231.42273348848175,231.42273348848175
498,498,16725.940476190477,16864.123284327303,test,138.18280813682577,138.18280813682577
499,499,16869.589285714286,16176.261724469055,test,-693.3275612452308,693.3275612452308
500,500,16057.84523809524,15347.380217524713,test,-710.4650205705275,710.4650205705275
501,501,16399.071428571428,16156.206493627005,test,-242.8649349444222,242.8649349444222
502,502,15878.666666666666,15569.852500905306,test,-308.8141657613596,308.8141657613596
503,503,15529.577380952382,15918.769587745328,test,389.1922067929463,389.1922067929463
504,504,16261.09523809524,15561.209769859937,test,-699.885468235303,699.885468235303
505,505,16502.863095238095,15277.51590712657,test,-1225.3471881115256,1225.3471881115256
506,506,14325.244047619048,15859.968497154106,test,1534.7244495350587,1534.7244495350587
507,507,14409.136904761905,15774.200454339858,test,1365.0635495779534,1365.0635495779534
508,508,14973.90476190476,15511.627475011624,test,537.7227131068648,537.7227131068648
509,509,14750.744047619048,15071.577477554762,test,320.83342993571387,320.83342993571387
510,510,14465.690476190475,14852.0340944062,test,386.34361821572566,386.34361821572566
511,511,14381.065476190475,14989.70788888828,test,608.6424126978054,608.6424126978054
512,512,14759.55357142857,14072.863880309485,test,-686.6896911190852,686.6896911190852
513,513,15283.809523809525,15300.831295330217,test,17.02177152069271,17.02177152069271
514,514,15792.684523809525,15907.589678293249,test,114.90515448372389,114.90515448372389
515,515,15672.440476190475,15595.64757961429,test,-76.79289657618574,76.79289657618574
516,516,16580.910714285714,16034.292684193368,test,-546.6180300923461,546.6180300923461
517,517,16828.005952380954,16049.650039899743,test,-778.3559124812109,778.3559124812109
518,518,16619.583333333332,16487.86550069296,test,-131.71783264037367,131.71783264037367
519,519,16431.35714285714,16749.125715657337,test,317.7685728001961,317.7685728001961
520,520,15840.172619047618,15925.787675807338,test,85.61505675971966,85.61505675971966
521,521,15545.642857142857,15266.55257139034,test,-279.09028575251614,279.09028575251614
522,522,17226.10119047619,14993.862942958265,test,-2232.2382475179256,2232.2382475179256
523,523,17540.583333333332,15044.360689494522,test,-2496.2226438388097,2496.2226438388097
524,524,18273.74404761905,16622.311905628136,test,-1651.4321419909138,1651.4321419909138
525,525,16950.52380952381,17167.555808612342,test,217.03199908853276,217.03199908853276
526,526,16565.321428571428,17044.46346690111,test,479.1420383296827,479.1420383296827
527,527,16122.833333333334,16247.927316003823,test,125.09398267048891,125.09398267048891
528,528,16996.869047619046,15735.58739757952,test,-1261.2816500395256,1261.2816500395256
529,529,16013.39880952381,15405.631806714166,test,-607.7670028096436,607.7670028096436
530,530,15801.892857142857,15363.415970552916,test,-438.4768865899405,438.4768865899405
531,531,15214.64880952381,15390.990970957286,test,176.34216143347658,176.34216143347658
532,532,15415.690476190475,14791.598188563552,test,-624.0922876269233,624.0922876269233
533,533,16212.130952380952,14939.571845024373,test,-1272.5591073565793,1272.5591073565793
534,534,14841.15476190476,14420.319167345542,test,-420.8355945592175,420.8355945592175
535,535,14843.059523809525,15880.586523034764,test,1037.5269992252397,1037.5269992252397
536,536,14205.761904761905,15643.396479730476,test,1437.6345749685715,1437.6345749685715
537,537,14492.64880952381,15165.186636240329,test,672.5378267165197,672.5378267165197
538,538,14214.85119047619,15288.143086458847,test,1073.2918959826566,1073.2918959826566
539,539,13783.57142857143,14428.24222377936,test,644.6707952079305,644.6707952079305
540,540,13881.339285714286,14718.248864190446,test,836.9095784761594,836.9095784761594
541,541,14678.333333333334,14888.168099080047,test,209.83476574671295,209.83476574671295
542,542,15178.47619047619,14461.879974293788,test,-716.5962161824027,716.5962161824027
543,543,14675.09523809524,14148.522852356247,test,-526.572385738993,526.572385738993
544,544,14882.67857142857,14823.776491256467,test,-58.902080172103524,58.902080172103524
545,545,16208.785714285714,15852.190267302753,test,-356.5954469829612,356.5954469829612
546,546,17985.32738095238,15366.735658090198,test,-2618.591722862184,2618.591722862184
547,547,15208.077380952382,15641.211899959662,test,433.1345190072807,433.1345190072807
548,548,18134.36309523809,17116.645791127514,test,-1017.717304110578,1017.717304110578
549,549,17773.934523809523,15754.772969555383,test,-2019.1615542541404,2019.1615542541404
550,550,16906.809523809523,18309.85031121328,test,1403.0407874037555,1403.0407874037555
551,551,17658.958333333332,16516.673646888692,test,-1142.28468644464,1142.28468644464
552,552,18553.416666666668,15805.789934539582,test,-2747.626732127086,2747.626732127086
553,553,16153.791666666666,16898.001231816765,test,744.2095651500986,744.2095651500986
554,554,16754.880952380954,17648.239435353582,test,893.3584829726278,893.3584829726278
555,555,16660.10714285714,16346.574876638844,test,-313.5322662182971,313.5322662182971
556,556,16090.744047619048,15540.416894475704,test,-550.3271531433438,550.3271531433438
557,557,15101.97023809524,15772.573939967697,test,670.6037018724564,670.6037018724564
558,558,16453.32738095238,15228.867340489374,test,-1224.4600404630073,1224.4600404630073
559,559,16223.172619047618,15565.712436943084,test,-657.4601821045344,657.4601821045344
560,560,15273.94642857143,15396.541616169545,test,122.59518759811544,122.59518759811544
561,561,14502.32142857143,16152.274955279674,test,1649.9535267082447,1649.9535267082447
562,562,14496.464285714286,14965.443940397212,test,468.9796546829257,468.9796546829257
563,563,14597.85119047619,15862.877335200496,test,1265.0261447243047,1265.0261447243047
564,564,15045.827380952382,14367.226348284054,test,-678.6010326683281,678.6010326683281
565,565,14930.738095238095,14346.01144496336,test,-584.7266502747352,584.7266502747352
566,566,15081.327380952382,15508.031531106079,test,426.7041501536969,426.7041501536969
567,567,15669.92857142857,15478.474043879176,test,-191.4545275493947,191.4545275493947
568,568,16001.541666666666,15473.004149966497,test,-528.5375167001694,528.5375167001694
569,569,16921.059523809523,15717.497386565643,test,-1203.56213724388,1203.56213724388
570,570,17580.17261904762,15581.519971287607,test,-1998.652647760011,1998.652647760011
571,571,17591.279761904763,16438.074004052716,test,-1153.205757852047,1153.205757852047
572,572,17891.684523809523,16362.612143748313,test,-1529.0723800612104,1529.0723800612104
573,573,15789.547619047618,16297.41261024405,test,507.8649911964312,507.8649911964312
574,574,17475.970238095237,16314.130667102887,test,-1161.8395709923498,1161.8395709923498
575,575,18320.08333333333,15138.006683526299,test,-3182.0766498070298,3182.0766498070298
576,576,18493.64285714286,16010.12621749209,test,-2483.5166396507684,2483.5166396507684
577,577,18535.125,18001.65096756602,test,-533.47403243398,533.47403243398
578,578,18410.696428571428,17596.677957639524,test,-814.0184709319037,814.0184709319037
579,579,18368.85714285714,17925.321752130592,test,-443.53539072654894,443.53539072654894
580,580,18364.08333333333,17926.285444963938,test,-437.7978883693904,437.7978883693904
581,581,17891.14880952381,18138.997901425006,test,247.84909190119652,247.84909190119652
582,582,17380.845238095237,17862.91215444721,test,482.0669163519742,482.0669163519742
583,583,16237.261904761905,18058.539755686394,test,1821.277850924489,1821.277850924489
584,584,15631.994047619048,17427.264871643696,test,1795.2708240246484,1795.2708240246484
585,585,15792.827380952382,15874.567104894075,test,81.73972394169323,81.73972394169323
586,586,15937.64880952381,14674.384716451494,test,-1263.2640930723155,1263.2640930723155
587,587,15570.684523809525,14716.960497953107,test,-853.7240258564179,853.7240258564179
588,588,15397.267857142857,14914.177285647387,test,-483.0905714954697,483.0905714954697
589,589,14480.035714285714,16084.326527485731,test,1604.2908132000175,1604.2908132000175
590,590,14298.833333333334,15456.562484072674,test,1157.7291507393402,1157.7291507393402
591,591,14316.64880952381,15374.905791438425,test,1058.2569819146156,1058.2569819146156
592,592,14213.375,15138.501392411064,test,925.1263924110644,925.1263924110644
593,593,14448.64880952381,14941.823469689709,test,493.1746601658997,493.1746601658997
594,594,14519.142857142857,14823.678093511682,test,304.5352363688253,304.5352363688253
595,595,14226.297619047618,15224.32970989538,test,998.0320908477624,998.0320908477624
596,596,15268.19642857143,14967.581748977069,test,-300.6146795943605,300.6146795943605
597,597,15525.440476190475,15164.314048990309,test,-361.1264272001663,361.1264272001663
598,598,18605.92261904762,15547.986791314435,test,-3057.935827733183,3057.935827733183
599,599,17374.184523809523,15076.121447528001,test,-2298.0630762815217,2298.0630762815217
600,600,18263.45238095238,18244.81121228713,test,-18.641168665250007,18.641168665250007
601,601,19322.98214285714,16817.363447497075,test,-2505.6186953600663,2505.6186953600663
602,602,17359.928571428572,17402.003760810414,test,42.07518938184148,42.07518938184148
603,603,19659.23809523809,17174.91257261777,test,-2484.325522620322,2484.325522620322
604,604,17096.178571428572,18379.30230176822,test,1283.1237303396483,1283.1237303396483
605,605,19884.77380952381,18107.357585172813,test,-1777.4162243509963,1777.4162243509963
606,606,18155.31547619048,17190.25880450121,test,-965.0566716892718,965.0566716892718
607,607,16177.416666666666,16786.437108452028,test,609.020441785362,609.020441785362
608,608,14890.267857142857,18038.951926457583,test,3148.684069314726,3148.684069314726
609,609,15062.410714285714,17523.103625205753,test,2460.692910920039,2460.692910920039
610,610,15693.827380952382,15067.268376806227,test,-626.5590041461546,626.5590041461546
611,611,15871.160714285714,13781.768611819161,test,-2089.3921024665524,2089.3921024665524
612,612,15707.708333333334,14396.891182288422,test,-1310.817151044912,1310.817151044912
